{
    "dependencies": [
        {
            "moduleName": "com.google.code.gson:gson",
            "moduleVersion": "2.8.0",
            "moduleLicense": "Apache License, Version 2.0",
            "moduleLicenseUrl": "http://www.apache.org/licenses/LICENSE-2.0"
        },
        {
            "moduleName": "com.google.guava:guava",
            "moduleUrl": "https://github.com/google/guava/",
            "moduleVersion": "20.0",
            "moduleLicense": "Apache License, Version 2.0",
            "moduleLicenseUrl": "http://www.apache.org/licenses/LICENSE-2.0"
        },
        {
            "moduleName": "commons-io:commons-io",
            "moduleUrl": "http://commons.apache.org/proper/commons-io/",
            "moduleVersion": "2.5",
            "moduleLicense": "Apache License, Version 2.0",
            "moduleLicenseUrl": "http://www.apache.org/licenses/LICENSE-2.0"
        },
        {
            "moduleName": "io.github.spencerpark:jupyter-jvm-basekernel",
            "moduleUrl": "https://github.com/SpencerPark/jupyter-jvm-basekernel",
            "moduleVersion": "2.2.2",
            "moduleLicense": "MIT License",
            "moduleLicenseUrl": "https://opensource.org/licenses/MIT"
        },
        {
            "moduleName": "javax.inject:javax.inject",
            "moduleUrl": "http://code.google.com/p/atinject/",
            "moduleVersion": "1",
            "moduleLicense": "Apache License, Version 2.0",
            "moduleLicenseUrl": "http://www.apache.org/licenses/LICENSE-2.0"
        },
        {
            "moduleName": "org.apache.commons:commons-lang3",
            "moduleUrl": "http://commons.apache.org/proper/commons-lang/",
            "moduleVersion": "3.5",
            "moduleLicense": "Apache License, Version 2.0",
            "moduleLicenseUrl": "http://www.apache.org/licenses/LICENSE-2.0"
        },
        {
            "moduleName": "org.apache.maven.resolver:maven-resolver-api",
            "moduleVersion": "1.1.0",
            "moduleLicense": "Apache License, Version 2.0",
            "moduleLicenseUrl": "http://www.apache.org/licenses/LICENSE-2.0"
        },
        {
            "moduleName": "org.apache.maven.resolver:maven-resolver-connector-basic",
            "moduleVersion": "1.1.0",
            "moduleLicense": "Apache License, Version 2.0",
            "moduleLicenseUrl": "http://www.apache.org/licenses/LICENSE-2.0"
        },
        {
            "moduleName": "org.apache.maven.resolver:maven-resolver-impl",
            "moduleVersion": "1.1.0",
            "moduleLicense": "Apache License, Version 2.0",
            "moduleLicenseUrl": "http://www.apache.org/licenses/LICENSE-2.0"
        },
        {
            "moduleName": "org.apache.maven.resolver:maven-resolver-spi",
            "moduleVersion": "1.1.0",
            "moduleLicense": "Apache License, Version 2.0",
            "moduleLicenseUrl": "http://www.apache.org/licenses/LICENSE-2.0"
        },
        {
            "moduleName": "org.apache.maven.resolver:maven-resolver-transport-wagon",
            "moduleVersion": "1.1.0",
            "moduleLicense": "Apache License, Version 2.0",
            "moduleLicenseUrl": "http://www.apache.org/licenses/LICENSE-2.0"
        },
        {
            "moduleName": "org.apache.maven.resolver:maven-resolver-util",
            "moduleVersion": "1.1.0",
            "moduleLicense": "Apache License, Version 2.0",
            "moduleLicenseUrl": "http://www.apache.org/licenses/LICENSE-2.0"
        },
        {
            "moduleName": "org.apache.maven.wagon:wagon-file",
            "moduleVersion": "2.12",
            "moduleLicense": "Apache License, Version 2.0",
            "moduleLicenseUrl": "http://www.apache.org/licenses/LICENSE-2.0"
        },
        {
            "moduleName": "org.apache.maven.wagon:wagon-http-lightweight",
            "moduleVersion": "2.12",
            "moduleLicense": "Apache License, Version 2.0",
            "moduleLicenseUrl": "http://www.apache.org/licenses/LICENSE-2.0"
        },
        {
            "moduleName": "org.apache.maven.wagon:wagon-http-shared",
            "moduleVersion": "2.12",
            "moduleLicense": "Apache License, Version 2.0",
            "moduleLicenseUrl": "http://www.apache.org/licenses/LICENSE-2.0"
        },
        {
            "moduleName": "org.apache.maven.wagon:wagon-provider-api",
            "moduleVersion": "2.12",
            "moduleLicense": "Apache License, Version 2.0",
            "moduleLicenseUrl": "http://www.apache.org/licenses/LICENSE-2.0"
        },
        {
            "moduleName": "org.apache.maven:maven-artifact",
            "moduleVersion": "3.5.2",
            "moduleLicense": "Apache License, Version 2.0",
            "moduleLicenseUrl": "http://www.apache.org/licenses/LICENSE-2.0"
        },
        {
            "moduleName": "org.apache.maven:maven-builder-support",
            "moduleVersion": "3.5.2",
            "moduleLicense": "Apache License, Version 2.0",
            "moduleLicenseUrl": "http://www.apache.org/licenses/LICENSE-2.0"
        },
        {
            "moduleName": "org.apache.maven:maven-model",
            "moduleVersion": "3.5.2",
            "moduleLicense": "Apache License, Version 2.0",
            "moduleLicenseUrl": "http://www.apache.org/licenses/LICENSE-2.0"
        },
        {
            "moduleName": "org.apache.maven:maven-model-builder",
            "moduleVersion": "3.5.2",
            "moduleLicense": "Apache License, Version 2.0",
            "moduleLicenseUrl": "http://www.apache.org/licenses/LICENSE-2.0"
        },
        {
            "moduleName": "org.apache.maven:maven-repository-metadata",
            "moduleVersion": "3.5.2",
            "moduleLicense": "Apache License, Version 2.0",
            "moduleLicenseUrl": "http://www.apache.org/licenses/LICENSE-2.0"
        },
        {
            "moduleName": "org.apache.maven:maven-resolver-provider",
            "moduleVersion": "3.5.2",
            "moduleLicense": "Apache License, Version 2.0",
            "moduleLicenseUrl": "http://www.apache.org/licenses/LICENSE-2.0"
        },
        {
            "moduleName": "org.apache.maven:maven-settings",
            "moduleVersion": "3.5.2",
            "moduleLicense": "Apache License, Version 2.0",
            "moduleLicenseUrl": "http://www.apache.org/licenses/LICENSE-2.0"
        },
        {
            "moduleName": "org.apache.maven:maven-settings-builder",
            "moduleVersion": "3.5.2",
            "moduleLicense": "Apache License, Version 2.0",
            "moduleLicenseUrl": "http://www.apache.org/licenses/LICENSE-2.0"
        },
        {
            "moduleName": "org.codehaus.plexus:plexus-component-annotations",
            "moduleVersion": "1.7.1",
            "moduleLicense": "Apache License, Version 2.0",
            "moduleLicenseUrl": "http://www.apache.org/licenses/LICENSE-2.0"
        },
        {
            "moduleName": "org.codehaus.plexus:plexus-interpolation",
            "moduleUrl": "http://codehaus-plexus.github.io/",
            "moduleVersion": "1.24",
            "moduleLicense": "Apache License, Version 2.0",
            "moduleLicenseUrl": "http://www.apache.org/licenses/LICENSE-2.0"
        },
        {
            "moduleName": "org.codehaus.plexus:plexus-utils",
            "moduleVersion": "3.1.0",
            "moduleLicense": "Apache License, Version 2.0",
            "moduleLicenseUrl": "http://www.apache.org/licenses/LICENSE-2.0"
        },
        {
            "moduleName": "org.jboss.shrinkwrap.resolver:shrinkwrap-resolver-api",
            "moduleVersion": "3.1.3",
            "moduleLicense": "Creative Commons Legal Code",
            "moduleLicenseUrl": "http://repository.jboss.org/licenses/cc0-1.0.txt"
        },
        {
            "moduleName": "org.jboss.shrinkwrap.resolver:shrinkwrap-resolver-api-maven",
            "moduleVersion": "3.1.3",
            "moduleLicense": "Creative Commons Legal Code",
            "moduleLicenseUrl": "http://repository.jboss.org/licenses/cc0-1.0.txt"
        },
        {
            "moduleName": "org.jboss.shrinkwrap.resolver:shrinkwrap-resolver-impl-maven",
            "moduleVersion": "3.1.3",
            "moduleLicense": "Creative Commons Legal Code",
            "moduleLicenseUrl": "http://repository.jboss.org/licenses/cc0-1.0.txt"
        },
        {
            "moduleName": "org.jboss.shrinkwrap.resolver:shrinkwrap-resolver-spi",
            "moduleVersion": "3.1.3",
            "moduleLicense": "Creative Commons Legal Code",
            "moduleLicenseUrl": "http://repository.jboss.org/licenses/cc0-1.0.txt"
        },
        {
            "moduleName": "org.jboss.shrinkwrap.resolver:shrinkwrap-resolver-spi-maven",
            "moduleVersion": "3.1.3",
            "moduleLicense": "Creative Commons Legal Code",
            "moduleLicenseUrl": "http://repository.jboss.org/licenses/cc0-1.0.txt"
        },
        {
            "moduleName": "org.jsoup:jsoup",
            "moduleUrl": "http://jsoup.org/",
            "moduleVersion": "1.7.2",
            "moduleLicense": "MIT License",
            "moduleLicenseUrl": "https://opensource.org/licenses/MIT"
        },
        {
            "moduleName": "org.slf4j:slf4j-api",
            "moduleUrl": "http://www.slf4j.org",
            "moduleVersion": "1.7.22",
            "moduleLicense": "MIT License",
            "moduleLicenseUrl": "https://opensource.org/licenses/MIT"
        },
        {
            "moduleName": "org.slf4j:slf4j-simple",
            "moduleUrl": "http://www.slf4j.org",
            "moduleVersion": "1.7.22",
            "moduleLicense": "MIT License",
            "moduleLicenseUrl": "https://opensource.org/licenses/MIT"
        },
        {
            "moduleName": "org.sonatype.plexus:plexus-cipher",
            "moduleUrl": "http://spice.sonatype.org/${project.artifactId}",
            "moduleVersion": "1.4",
            "moduleLicense": "Apache License, Version 2.0",
            "moduleLicenseUrl": "http://www.apache.org/licenses/LICENSE-2.0"
        },
        {
            "moduleName": "org.sonatype.plexus:plexus-sec-dispatcher",
            "moduleUrl": "http://spice.sonatype.org/${project.artifactId}",
            "moduleVersion": "1.4",
            "moduleLicense": "Apache License, Version 2.0",
            "moduleLicenseUrl": "http://www.apache.org/licenses/LICENSE-2.0"
        },
        {
            "moduleName": "org.zeromq:jeromq",
            "moduleUrl": "https://github.com/zeromq/jeromq",
            "moduleVersion": "0.4.0",
            "moduleLicense": "Mozilla Public License, Version 2.0",
            "moduleLicenseUrl": "https://www.mozilla.org/en-US/MPL/2.0"
        }
    ]
}